vac_name,link,source,vac_iddata+scientist,https://hh.ru/vacancy/86788792?utm_source=rabota1000.ru&utm_medium=ppc&utm_campaign=RU_paid_cpc_applicant_feed,hh.ru
data+scientist,https://hh.ru/vacancy/86597536?utm_source=rabota1000.ru&utm_medium=ppc&utm_campaign=RU_paid_cpc_applicant_feed,hh.ru
data+scientist,https://hh.ru/vacancy/84462656?utm_source=rabota1000.ru&utm_medium=ppc&utm_campaign=RU_paid_cpc_applicant_feed,hh.ru
data+scientist,https://hh.ru/vacancy/86664203?utm_source=rabota1000.ru&utm_medium=ppc&utm_campaign=RU_paid_cpc_applicant_feed,hh.ru
data+scientist,https://hh.ru/vacancy/86336141?utm_source=rabota1000.ru&utm_medium=ppc&utm_campaign=RU_paid_cpc_applicant_feed,hh.ru
data+scientist,https://hh.ru/vacancy/85939099?utm_source=rabota1000.ru&utm_medium=ppc&utm_campaign=RU_paid_cpc_applicant_feed,hh.ru
data+scientist,https://hh.ru/vacancy/87656347?utm_source=rabota1000.ru&utm_medium=ppc&utm_campaign=RU_paid_cpc_applicant_feed,hh.ru
data+scientist,https://hh.ru/vacancy/86865790?utm_source=rabota1000.ru&utm_medium=ppc&utm_campaign=RU_paid_cpc_applicant_feed,hh.ru
data+scientist,https://hh.ru/vacancy/86656559?utm_source=rabota1000.ru&utm_medium=ppc&utm_campaign=RU_paid_cpc_applicant_feed,hh.ru
data+scientist,https://hh.ru/vacancy/86686326?utm_source=rabota1000.ru&utm_medium=ppc&utm_campaign=RU_paid_cpc_applicant_feed,hh.ru
data+scientist,https://hh.ru/vacancy/86582361?utm_source=rabota1000.ru&utm_medium=ppc&utm_campaign=RU_paid_cpc_applicant_feed,hh.ru
data+scientist,https://spb.hh.ru/vacancy/85941989?utm_source=rabota1000.ru&utm_medium=ppc&utm_campaign=RU_paid_cpc_applicant_feed,hh.ru
data+scientist,https://hh.ru/vacancy/86111429?utm_source=rabota1000.ru&utm_medium=ppc&utm_campaign=RU_paid_cpc_applicant_feed,hh.ru
data+scientist,https://hh.ru/vacancy/87636026?utm_source=rabota1000.ru&utm_medium=ppc&utm_campaign=RU_paid_cpc_applicant_feed,hh.ru
data+scientist,https://samara.hh.ru/vacancy/87822342?utm_source=rabota1000.ru&utm_medium=ppc&utm_campaign=RU_paid_cpc_applicant_feed,hh.ru
data+scientist,https://hh.ru/vacancy/87926187?utm_source=rabota1000.ru&utm_medium=ppc&utm_campaign=RU_paid_cpc_applicant_feed,hh.ru
data+scientist,https://hh.ru/vacancy/84353994?utm_source=rabota1000.ru&utm_medium=ppc&utm_campaign=RU_paid_cpc_applicant_feed,hh.ru
data+scientist,https://hh.ru/vacancy/87410025?utm_source=rabota1000.ru&utm_medium=ppc&utm_campaign=RU_paid_cpc_applicant_feed,hh.ru
data+scientist,https://hh.ru/vacancy/87391638?utm_source=rabota1000.ru&utm_medium=ppc&utm_campaign=RU_paid_cpc_applicant_feed,hh.ru
data+scientist,https://hh.ru/vacancy/85586413?utm_source=rabota1000.ru&utm_medium=ppc&utm_campaign=RU_paid_cpc_applicant_feed,hh.ru
data+scientist,https://spb.hh.ru/vacancy/86864302?utm_source=rabota1000.ru&utm_medium=ppc&utm_campaign=RU_paid_cpc_applicant_feed,hh.ru
data+scientist,https://hh.ru/vacancy/87284308?utm_source=rabota1000.ru&utm_medium=ppc&utm_campaign=RU_paid_cpc_applicant_feed,hh.ru
data+scientist,https://hh.ru/vacancy/87269358?utm_source=rabota1000.ru&utm_medium=ppc&utm_campaign=RU_paid_cpc_applicant_feed,hh.ru
data+scientist,https://hh.ru/vacancy/87216328?utm_source=rabota1000.ru&utm_medium=ppc&utm_campaign=RU_paid_cpc_applicant_feed,hh.ru
data+scientist,https://hh.ru/vacancy/86581680?utm_source=rabota1000.ru&utm_medium=ppc&utm_campaign=RU_paid_cpc_applicant_feed,hh.ru
data+scientist,https://spb.hh.ru/vacancy/86726818?utm_source=rabota1000.ru&utm_medium=ppc&utm_campaign=RU_paid_cpc_applicant_feed,hh.ru
data+scientist,https://hh.ru/vacancy/86571284?utm_source=rabota1000.ru&utm_medium=ppc&utm_campaign=RU_paid_cpc_applicant_feed,hh.ru
data+scientist,https://hh.ru/vacancy/86927596?utm_source=rabota1000.ru&utm_medium=ppc&utm_campaign=RU_paid_cpc_applicant_feed,hh.ru
data+scientist,https://hh.ru/vacancy/86936001?utm_source=rabota1000.ru&utm_medium=ppc&utm_campaign=RU_paid_cpc_applicant_feed,hh.ru
data+scientist,https://hh.ru/vacancy/87495323?utm_source=rabota1000.ru&utm_medium=ppc&utm_campaign=RU_paid_cpc_applicant_feed,hh.ru
data+scientist,https://hh.ru/vacancy/87323539?utm_source=rabota1000.ru&utm_medium=ppc&utm_campaign=RU_paid_cpc_applicant_feed,hh.ru
data+scientist,https://hh.ru/vacancy/87327544?utm_source=rabota1000.ru&utm_medium=ppc&utm_campaign=RU_paid_cpc_applicant_feed,hh.ru
data+scientist,https://hh.ru/vacancy/84462462?utm_source=rabota1000.ru&utm_medium=ppc&utm_campaign=RU_paid_cpc_applicant_feed,hh.ru
data+scientist,https://hh.ru/vacancy/81501211?utm_source=rabota1000.ru&utm_medium=ppc&utm_campaign=RU_paid_cpc_applicant_feed,hh.ru
data+scientist,https://hh.ru/vacancy/87428421?utm_source=rabota1000.ru&utm_medium=ppc&utm_campaign=RU_paid_cpc_applicant_feed,hh.ru
data+scientist,https://hh.ru/vacancy/84845366?utm_source=rabota1000.ru&utm_medium=ppc&utm_campaign=RU_paid_cpc_applicant_feed,hh.ru
data+scientist,https://hh.ru/vacancy/83816998?utm_source=rabota1000.ru&utm_medium=ppc&utm_campaign=RU_paid_cpc_applicant_feed,hh.ru
data+scientist,https://khimki.hh.ru/vacancy/83816997?utm_source=rabota1000.ru&utm_medium=ppc&utm_campaign=RU_paid_cpc_applicant_feed,hh.ru
data+scientist,https://hh.ru/vacancy/87197328?utm_source=rabota1000.ru&utm_medium=ppc&utm_campaign=RU_paid_cpc_applicant_feed,hh.ru
data+scientist,https://hh.ru/vacancy/87896968?utm_source=rabota1000.ru&utm_medium=ppc&utm_campaign=RU_paid_cpc_applicant_feed,hh.ru
data+scientist,https://hh.ru/vacancy/76391976?utm_source=rabota1000.ru&utm_medium=ppc&utm_campaign=RU_paid_cpc_applicant_feed,hh.ru
data+scientist,https://hh.ru/vacancy/86261386?utm_source=rabota1000.ru&utm_medium=ppc&utm_campaign=RU_paid_cpc_applicant_feed,hh.ru
data+scientist,https://hh.ru/vacancy/87303305?utm_source=rabota1000.ru&utm_medium=ppc&utm_campaign=RU_paid_cpc_applicant_feed,hh.ru
data+scientist,https://hh.ru/vacancy/86782313?utm_source=rabota1000.ru&utm_medium=ppc&utm_campaign=RU_paid_cpc_applicant_feed,hh.ru
data+scientist,https://hh.ru/vacancy/88021142?utm_source=rabota1000.ru&utm_medium=ppc&utm_campaign=RU_paid_cpc_applicant_feed,hh.ru
data+scientist,https://hh.ru/vacancy/87904684?utm_source=rabota1000.ru&utm_medium=ppc&utm_campaign=RU_paid_cpc_applicant_feed,hh.ru
data+scientist,https://hh.ru/vacancy/86223957?utm_source=rabota1000.ru&utm_medium=ppc&utm_campaign=RU_paid_cpc_applicant_feed,hh.ru
data+scientist,https://hh.ru/vacancy/87497127?utm_source=rabota1000.ru&utm_medium=ppc&utm_campaign=RU_paid_cpc_applicant_feed,hh.ru
data+scientist,https://hh.ru/vacancy/83116089?utm_source=rabota1000.ru&utm_medium=ppc&utm_campaign=RU_paid_cpc_applicant_feed,hh.ru
data+scientist,https://hh.ru/vacancy/87791595?utm_source=rabota1000.ru&utm_medium=ppc&utm_campaign=RU_paid_cpc_applicant_feed,hh.ru
data+scientist,https://hh.ru/vacancy/87226850?utm_source=rabota1000.ru&utm_medium=ppc&utm_campaign=RU_paid_cpc_applicant_feed,hh.ru
data+scientist,https://kazan.hh.ru/vacancy/87400111?utm_source=rabota1000.ru&utm_medium=ppc&utm_campaign=RU_paid_cpc_applicant_feed,hh.ru
data+scientist,https://hh.ru/vacancy/84916399?utm_source=rabota1000.ru&utm_medium=ppc&utm_campaign=RU_paid_cpc_applicant_feed,hh.ru
data+scientist,https://hh.ru/vacancy/87915098?utm_source=rabota1000.ru&utm_medium=ppc&utm_campaign=RU_paid_cpc_applicant_feed,hh.ru
data+scientist,https://hh.ru/vacancy/87659075?utm_source=rabota1000.ru&utm_medium=ppc&utm_campaign=RU_paid_cpc_applicant_feed,hh.ru
data+scientist,https://fryazino.hh.ru/vacancy/85562075?utm_source=rabota1000.ru&utm_medium=ppc&utm_campaign=RU_paid_cpc_applicant_feed,hh.ru
data+scientist,https://hh.ru/vacancy/87452598?utm_source=rabota1000.ru&utm_medium=ppc&utm_campaign=RU_paid_cpc_applicant_feed,hh.ru
data+scientist,https://hh.ru/vacancy/86728117?utm_source=rabota1000.ru&utm_medium=ppc&utm_campaign=RU_paid_cpc_applicant_feed,hh.ru
data+scientist,https://nn.hh.ru/vacancy/69631571?utm_source=rabota1000.ru&utm_medium=ppc&utm_campaign=RU_paid_cpc_applicant_feed,hh.ru
data+scientist,https://hh.ru/vacancy/85665963?utm_source=rabota1000.ru&utm_medium=ppc&utm_campaign=RU_paid_cpc_applicant_feed,hh.ru
data+scientist,https://hh.ru/vacancy/87305258?utm_source=rabota1000.ru&utm_medium=ppc&utm_campaign=RU_paid_cpc_applicant_feed,hh.ru
data+scientist,https://hh.ru/vacancy/80232010?utm_source=rabota1000.ru&utm_medium=ppc&utm_campaign=RU_paid_cpc_applicant_feed,hh.ru
data+scientist,https://hh.ru/vacancy/85984377?utm_source=rabota1000.ru&utm_medium=ppc&utm_campaign=RU_paid_cpc_applicant_feed,hh.ru
data+scientist,https://hh.ru/vacancy/81856616?utm_source=rabota1000.ru&utm_medium=ppc&utm_campaign=RU_paid_cpc_applicant_feed,hh.ru
data+scientist,https://hh.ru/vacancy/87559225?utm_source=rabota1000.ru&utm_medium=ppc&utm_campaign=RU_paid_cpc_applicant_feed,hh.ru
data+scientist,https://novosibirsk.hh.ru/vacancy/87833619?utm_source=rabota1000.ru&utm_medium=ppc&utm_campaign=RU_paid_cpc_applicant_feed,hh.ru
data+scientist,https://hh.ru/vacancy/86580120?utm_source=rabota1000.ru&utm_medium=ppc&utm_campaign=RU_paid_cpc_applicant_feed,hh.ru
data+scientist,https://spb.hh.ru/vacancy/86388127?utm_source=rabota1000.ru&utm_medium=ppc&utm_campaign=RU_paid_cpc_applicant_feed,hh.ru
data+scientist,https://mytischi.hh.ru/vacancy/85562078?utm_source=rabota1000.ru&utm_medium=ppc&utm_campaign=RU_paid_cpc_applicant_feed,hh.ru
data+scientist,https://ivanteevka.hh.ru/vacancy/85562079?utm_source=rabota1000.ru&utm_medium=ppc&utm_campaign=RU_paid_cpc_applicant_feed,hh.ru
data+scientist,https://pushkino.hh.ru/vacancy/85562080?utm_source=rabota1000.ru&utm_medium=ppc&utm_campaign=RU_paid_cpc_applicant_feed,hh.ru
data+scientist,https://korolev.hh.ru/vacancy/85562077?utm_source=rabota1000.ru&utm_medium=ppc&utm_campaign=RU_paid_cpc_applicant_feed,hh.ru
data+scientist,https://hh.ru/vacancy/86452791?utm_source=rabota1000.ru&utm_medium=ppc&utm_campaign=RU_paid_cpc_applicant_feed,hh.ru
data+scientist,https://hh.ru/vacancy/87914676?utm_source=rabota1000.ru&utm_medium=ppc&utm_campaign=RU_paid_cpc_applicant_feed,hh.ru
data+scientist,https://hh.ru/vacancy/86681109?utm_source=rabota1000.ru&utm_medium=ppc&utm_campaign=RU_paid_cpc_applicant_feed,hh.ru
data+scientist,https://hh.ru/vacancy/86320524?utm_source=rabota1000.ru&utm_medium=ppc&utm_campaign=RU_paid_cpc_applicant_feed,hh.ru
data+scientist,https://hh.ru/vacancy/85595301?utm_source=rabota1000.ru&utm_medium=ppc&utm_campaign=RU_paid_cpc_applicant_feed,hh.ru
data+scientist,https://hh.ru/vacancy/87424041?utm_source=rabota1000.ru&utm_medium=ppc&utm_campaign=RU_paid_cpc_applicant_feed,hh.ru
data+scientist,https://hh.ru/vacancy/87904738?utm_source=rabota1000.ru&utm_medium=ppc&utm_campaign=RU_paid_cpc_applicant_feed,hh.ru
data+scientist,https://hh.ru/vacancy/87797917?utm_source=rabota1000.ru&utm_medium=ppc&utm_campaign=RU_paid_cpc_applicant_feed,hh.ru
data+scientist,https://hh.ru/vacancy/67924416?utm_source=rabota1000.ru&utm_medium=ppc&utm_campaign=RU_paid_cpc_applicant_feed,hh.ru
data+scientist,https://hh.ru/vacancy/87760051?utm_source=rabota1000.ru&utm_medium=ppc&utm_campaign=RU_paid_cpc_applicant_feed,hh.ru
data+scientist,https://hh.ru/vacancy/87543885?utm_source=rabota1000.ru&utm_medium=ppc&utm_campaign=RU_paid_cpc_applicant_feed,hh.ru
data+scientist,https://spb.hh.ru/vacancy/87543884?utm_source=rabota1000.ru&utm_medium=ppc&utm_campaign=RU_paid_cpc_applicant_feed,hh.ru
data+scientist,https://hh.ru/vacancy/79041835?utm_source=rabota1000.ru&utm_medium=ppc&utm_campaign=RU_paid_cpc_applicant_feed,hh.ru
data+scientist,https://hh.ru/vacancy/76974214?utm_source=rabota1000.ru&utm_medium=ppc&utm_campaign=RU_paid_cpc_applicant_feed,hh.ru
data+scientist,https://hh.ru/vacancy/81118017?utm_source=rabota1000.ru&utm_medium=ppc&utm_campaign=RU_paid_cpc_applicant_feed,hh.ru
data+scientist,https://hh.ru/vacancy/86178242?utm_source=rabota1000.ru&utm_medium=ppc&utm_campaign=RU_paid_cpc_applicant_feed,hh.ru
data+scientist,https://omsk.hh.ru/vacancy/85984376?utm_source=rabota1000.ru&utm_medium=ppc&utm_campaign=RU_paid_cpc_applicant_feed,hh.ru
data+scientist,https://novosibirsk.hh.ru/vacancy/85984375?utm_source=rabota1000.ru&utm_medium=ppc&utm_campaign=RU_paid_cpc_applicant_feed,hh.ru
data+scientist,https://hh.ru/vacancy/86064937?utm_source=rabota1000.ru&utm_medium=ppc&utm_campaign=RU_paid_cpc_applicant_feed,hh.ru
data+scientist,https://spb.hh.ru/vacancy/88006481?utm_source=rabota1000.ru&utm_medium=ppc&utm_campaign=RU_paid_cpc_applicant_feed,hh.ru
data+scientist,https://schelkovo.hh.ru/vacancy/85562076?utm_source=rabota1000.ru&utm_medium=ppc&utm_campaign=RU_paid_cpc_applicant_feed,hh.ru
data+scientist,https://hh.ru/vacancy/84009554?utm_source=rabota1000.ru&utm_medium=ppc&utm_campaign=RU_paid_cpc_applicant_feed,hh.ru
data+scientist,https://spb.hh.ru/vacancy/87827184?utm_source=rabota1000.ru&utm_medium=ppc&utm_campaign=RU_paid_cpc_applicant_feed,hh.ru
data+scientist,https://nn.hh.ru/vacancy/87847859?utm_source=rabota1000.ru&utm_medium=ppc&utm_campaign=RU_paid_cpc_applicant_feed,hh.ru
data+scientist,https://hh.ru/vacancy/86970556?utm_source=rabota1000.ru&utm_medium=ppc&utm_campaign=RU_paid_cpc_applicant_feed,hh.ru
data+scientist,https://hh.ru/vacancy/87746675?utm_source=rabota1000.ru&utm_medium=ppc&utm_campaign=RU_paid_cpc_applicant_feed,hh.ru
data+scientist,https://hh.ru/vacancy/87332152?utm_source=rabota1000.ru&utm_medium=ppc&utm_campaign=RU_paid_cpc_applicant_feed,hh.ru
data+scientist,https://hh.ru/vacancy/87657639?utm_source=rabota1000.ru&utm_medium=ppc&utm_campaign=RU_paid_cpc_applicant_feed,hh.ru
data+scientist,https://hh.ru/vacancy/70163749?utm_source=rabota1000.ru&utm_medium=ppc&utm_campaign=RU_paid_cpc_applicant_feed,hh.ru
data+scientist,https://hh.ru/vacancy/88021184?utm_source=rabota1000.ru&utm_medium=ppc&utm_campaign=RU_paid_cpc_applicant_feed,hh.ru
data+scientist,https://hh.ru/vacancy/87802735?utm_source=rabota1000.ru&utm_medium=ppc&utm_campaign=RU_paid_cpc_applicant_feed,hh.ru
data+scientist,https://hh.ru/vacancy/87993734?utm_source=rabota1000.ru&utm_medium=ppc&utm_campaign=RU_paid_cpc_applicant_feed,hh.ru
data+scientist,https://hh.ru/vacancy/86908117?utm_source=rabota1000.ru&utm_medium=ppc&utm_campaign=RU_paid_cpc_applicant_feed,hh.ru
data+scientist,https://hh.ru/vacancy/87686715?utm_source=rabota1000.ru&utm_medium=ppc&utm_campaign=RU_paid_cpc_applicant_feed,hh.ru
data+scientist,https://hh.ru/vacancy/87825279?utm_source=rabota1000.ru&utm_medium=ppc&utm_campaign=RU_paid_cpc_applicant_feed,hh.ru
data+scientist,https://hh.ru/vacancy/86879531?utm_source=rabota1000.ru&utm_medium=ppc&utm_campaign=RU_paid_cpc_applicant_feed,hh.ru
data+scientist,https://hh.ru/vacancy/86922880?utm_source=rabota1000.ru&utm_medium=ppc&utm_campaign=RU_paid_cpc_applicant_feed,hh.ru
data+scientist,https://yuzhno-sakhalinsk.hh.ru/vacancy/87442836?utm_source=rabota1000.ru&utm_medium=ppc&utm_campaign=RU_paid_cpc_applicant_feed,hh.ru
data+scientist,https://hh.ru/vacancy/86861619?utm_source=rabota1000.ru&utm_medium=ppc&utm_campaign=RU_paid_cpc_applicant_feed,hh.ru
data+scientist,https://spb.hh.ru/vacancy/87680473?utm_source=rabota1000.ru&utm_medium=ppc&utm_campaign=RU_paid_cpc_applicant_feed,hh.ru
data+scientist,https://hh.ru/vacancy/87576089?utm_source=rabota1000.ru&utm_medium=ppc&utm_campaign=RU_paid_cpc_applicant_feed,hh.ru
data+scientist,https://hh.ru/vacancy/87999564?utm_source=rabota1000.ru&utm_medium=ppc&utm_campaign=RU_paid_cpc_applicant_feed,hh.ru
data+scientist,https://hh.ru/vacancy/86796154?utm_source=rabota1000.ru&utm_medium=ppc&utm_campaign=RU_paid_cpc_applicant_feed,hh.ru
data+scientist,https://hh.ru/vacancy/86646529?utm_source=rabota1000.ru&utm_medium=ppc&utm_campaign=RU_paid_cpc_applicant_feed,hh.ru
data+scientist,https://hh.ru/vacancy/87743505?utm_source=rabota1000.ru&utm_medium=ppc&utm_campaign=RU_paid_cpc_applicant_feed,hh.ru
data+scientist,https://hh.ru/vacancy/87399310?utm_source=rabota1000.ru&utm_medium=ppc&utm_campaign=RU_paid_cpc_applicant_feed,hh.ru
data+scientist,https://hh.ru/vacancy/86887836?utm_source=rabota1000.ru&utm_medium=ppc&utm_campaign=RU_paid_cpc_applicant_feed,hh.ru
data+scientist,https://hh.ru/vacancy/86768539?utm_source=rabota1000.ru&utm_medium=ppc&utm_campaign=RU_paid_cpc_applicant_feed,hh.ru
data+scientist,https://spb.hh.ru/vacancy/87414822?utm_source=rabota1000.ru&utm_medium=ppc&utm_campaign=RU_paid_cpc_applicant_feed,hh.ru
data+scientist,https://hh.ru/vacancy/87414821?utm_source=rabota1000.ru&utm_medium=ppc&utm_campaign=RU_paid_cpc_applicant_feed,hh.ru
data+scientist,https://hh.ru/vacancy/87046731?utm_source=rabota1000.ru&utm_medium=ppc&utm_campaign=RU_paid_cpc_applicant_feed,hh.ru
data+scientist,https://hh.ru/vacancy/87744469?utm_source=rabota1000.ru&utm_medium=ppc&utm_campaign=RU_paid_cpc_applicant_feed,hh.ru
data+scientist,https://spb.hh.ru/vacancy/85772796?utm_source=rabota1000.ru&utm_medium=ppc&utm_campaign=RU_paid_cpc_applicant_feed,hh.ru
data+scientist,https://spb.hh.ru/vacancy/86557106?utm_source=rabota1000.ru&utm_medium=ppc&utm_campaign=RU_paid_cpc_applicant_feed,hh.ru
data+scientist,https://hh.ru/vacancy/86871434?utm_source=rabota1000.ru&utm_medium=ppc&utm_campaign=RU_paid_cpc_applicant_feed,hh.ru
data+scientist,https://novosibirsk.hh.ru/vacancy/86598606?utm_source=rabota1000.ru&utm_medium=ppc&utm_campaign=RU_paid_cpc_applicant_feed,hh.ru
data+scientist,https://spb.hh.ru/vacancy/83104611?utm_source=rabota1000.ru&utm_medium=ppc&utm_campaign=RU_paid_cpc_applicant_feed,hh.ru
data+scientist,https://hh.ru/vacancy/87822793?utm_source=rabota1000.ru&utm_medium=ppc&utm_campaign=RU_paid_cpc_applicant_feed,hh.ru
data+scientist,https://hh.ru/vacancy/86734260?utm_source=rabota1000.ru&utm_medium=ppc&utm_campaign=RU_paid_cpc_applicant_feed,hh.ru
data+scientist,https://hh.ru/vacancy/86566751?utm_source=rabota1000.ru&utm_medium=ppc&utm_campaign=RU_paid_cpc_applicant_feed,hh.ru
data+scientist,https://hh.ru/vacancy/86672189?utm_source=rabota1000.ru&utm_medium=ppc&utm_campaign=RU_paid_cpc_applicant_feed,hh.ru
data+scientist,https://hh.ru/vacancy/84508003?utm_source=rabota1000.ru&utm_medium=ppc&utm_campaign=RU_paid_cpc_applicant_feed,hh.ru
data+scientist,https://hh.ru/vacancy/85779847?utm_source=rabota1000.ru&utm_medium=ppc&utm_campaign=RU_paid_cpc_applicant_feed,hh.ru
data+scientist,https://hh.ru/vacancy/87790430?utm_source=rabota1000.ru&utm_medium=ppc&utm_campaign=RU_paid_cpc_applicant_feed,hh.ru
data+scientist,https://hh.ru/vacancy/84844609?utm_source=rabota1000.ru&utm_medium=ppc&utm_campaign=RU_paid_cpc_applicant_feed,hh.ru
data+scientist,https://hh.ru/vacancy/87743418?utm_source=rabota1000.ru&utm_medium=ppc&utm_campaign=RU_paid_cpc_applicant_feed,hh.ru
data+scientist,https://hh.ru/vacancy/87904369?utm_source=rabota1000.ru&utm_medium=ppc&utm_campaign=RU_paid_cpc_applicant_feed,hh.ru
data+scientist,https://hh.ru/vacancy/86928171?utm_source=rabota1000.ru&utm_medium=ppc&utm_campaign=RU_paid_cpc_applicant_feed,hh.ru
